id	goldcost	
1	9	
2	20	
3	45	
4		
5	105	
6	125	
7	20	
8	15	
9	115	
10		
11	10	
12	10	
13	105	
14	13	
15	95	
16	16	
17	10	
18	5	
19	35	
20	35	
21	45	
22	55	
23	60	
24	30	
25	30	
26	30	
27	25	
28	10	
29	10	
30	5	
31	5	
32	10	
33	10	
34	10	
35	10	
36	10	
37		
38	10	
39	10	
40	10	
41	565	
42	300	
43	100	
44	35	
45	35	
46	75	
47	10	
48	10	
49	10	
50	7	
51	15	
52	90	
53	12	
54	95	
55	10	
56	55	
57	45	
58	35	
59	10	
60	40	
61	10	
62	10	
63	12	
64	75	
65	26	
66	20	
67	10	
68	10	
69	60	
70	155	
71	10	
72	10	
73	10	
74	10	
75	10	
76	10	
77	10	
78	10	
79	10	
80	10	
81	20	
82	20	
83	20	
84	20	
85	260	
86	415	
87	375	
88		
89	400	
90	30	
91	45	
92	10	
93	10	
94	10	
95	10	
96	10	
97	10	
98	10	
99	10	
100	10	
101	10	
102	65	
103	10	
104	445	
105	100	
106	15	
107	10	
108	15	
109		
110	7	
111	10	
112	390	
113	110	
114	95	
115	95	
116	95	
117	95	
118		
119	110	
120		
121		
122	40	
123	10	
124	10	
125	20	
126	20	
127	15	
128	10	
129	8	
130	10	
131	10	
132	15	
133	14	
134	50	
135	60	
136	30	
137	30	
138		
139	15	
140	15	
141	20	
142	10	
143	10	
144	12	
145	12	
146	25	
147	25	
148	60	
149	190	
150	80	
151	120	
152	305	
153	470	
154	50	
155	10	
156		
157		
158		
159		
160	115	
161	295	
162	95	
163	55	
164	19	
165	10	
166	10	
167	10	
168	7	
169	40	
170	125	
171	13	
172	15	
173	12	
174	10	
175	10	
176	10	
177	340	
178		
179		
180		
181		
182		
183		
184		
185		
186		
187		
188		
189		
190		
191		
192		
193		
194		
195		
196		
197		
198		
199	10	
200	30	
201	10	
202	175	
203	355	
204	100	
205	10	
206	20	
207	70	
208	25	
209	40	
210	55	
211	50	
212	170	
213	50	
214		
215		
216		
217	10	
218	10	
219	10	
220	10	
221	10	
222	285	
223	520	
224	260	
225	65	
226		
227	9	
228	9	
229	9	
230	14	
231	170	
232	105	
233	35	
234	40	
235	50	
236	95	
237	305	
238	425	
239	7	
240	35	
241	70	
242	190	
243	35	
244		
245		
246		
247		
248		
249		
250		
251		
252	10	
253		
254		
255		
256		
257		
258		
259		
260		
261	70	
262	55	
263	230	
264	435	
265		
266		
267		
268		
269		
270		
271	10	
272	5	
273	5	
274	180	
275	150	
276	30	
277	20	
278	30	
279	30	
280	120	
281	295	
282	15	
283	65	
284		
285	10	
286	10	
287	10	
288	10	
289	10	
290	10	
291	10	
292	35	
293	10	
294		
295	10	
296	35	
297		
298		
299		
300	30	
301	270	
302	10	
303		
304		
305		
306		
307		
308		
309	15	
310	10	
311	140	
312	10	
313		
314		
315		
316		
317		
318		
319		
320		
321	25	
322	390	
323	195	
324		
325	190	
326		
327		
328		
329		
330		
331	50	
332	410	
333	385	
334	100	
335	9	
336	9	
337	5	
338	35	
339	35	
340	35	
341	40	
342	35	
343	35	
344	35	
345		
346	70	
347	70	
348	15	
349	70	
350	90	
351	20	
352	70	
353	105	
354	15	
355	70	
356	70	
357	15	
358	20	
359		
360		
361		
362		
363	85	
364	85	
365	40	
366		
367	65	
368	100	
369	95	
370	50	
371		
372	13	
373		
374		
375		
376	50	
377	35	
378		
379		
380		
381	50	
382		
383		
384		
385		
386		
387		
388		
389	45	
390	270	
391	260	
392		
393		
394		
395		
396		
397		
398		
399		
400	25	
401		
402		
403		
404		
405		
406	10	
407	50	
408		
409		
410		
411	15	
414	10	
415		
416		
417	10	
418	95	
419	100	
420	10	
421	15	
422	55	
423	15	
424	13	
425	20	
426	35	
427	20	
428	80	
429	95	
430	35	
431	35	
432	35	
433		
434		
435		
436		
437	105	
438		
439		
440	205	
441	160	
442		
443	115	
444	110	
445	110	
446		
447	50	
448		
449		
450	35	
451	35	
452		
453	1	
454	1	
455	1	
456	2	
457	2	
458	1	
459	2	
460		
461	2	
463	100	
464		
465		
466		
467		
468		
469		
470		
471		
472		
473		
474		
475		
476		
477	10	
478	10	
479	400	
480	10	
481	10	
482	10	
483	15	
484	35	
485		
486		
487		
488	20	
489		
490		
491		
492		
499		
500		
501		
502	125	
503	24	
504	13	
505		
506	30	
507		
508		
509		
510	45	
511		
512		
513		
514		
515		
516	355	
517		
518	80	
519	75	
520		
521		
522		
523		
524		
525		
526		
527		
528		
529	50	
530	15	
531		
532		
533		
534		
535		
536		
537		
538	50	
539		
540		
541	7	
542		
543		
544		
545	50	
546		
547		
548	25	
549		
550		
551	150	
552	45	
553	485	
554	15	
555		
556		
557		
558		
559		
560		
561		
562		
563		
564	70	
565		
566		
573	15	
574	15	
575	10	
576	15	
577	10	
578		
579		
580	70	
581		
582		
583		
584		
585		
586		
587		
588	40	
589	40	
590	25	
591		
592		
593		
600		
601		
602		
603		
604		
605		
606		
607		
608		
609		
610		
611		
612	135	
613		
614		
615		
616		
617		
618		
619		
620		
621		
622		
623		
624		
625		
626		
627		
628		
629	20	
630	15	
631		
632		
633		
634		
635		
636		
637		
638		
639		
640		
641		
642		
643		
644		
645		
646	80	
647	155	
648	80	
649	80	
650	20	
651		
652		
653		
654		
655		
656		
657		
658	105	
659		
660		
661		
662	10	
663	10	
664	11	
665	14	
666	15	
667	20	
668	20	
669	155	
670	435	
671	95	
672		
673		
674		
675		
676		
677		
678		
679		
680		
681		
682		
683	95	
684	10	
685	10	
686	11	
687	14	
688	15	
689	20	
690		
691		
692		
693		
694		
695		
696		
697	14	
698	35	
699	115	
700	40	
701	95	
702	50	
703	215	
704	30	
705	225	
706	355	
707	35	
708	16	
709	420	
710		
711		
712		
713		
714		
715		
716		
717		
718		
719		
720	2	
721	9	
722	9	
723	9	
724	9	
725	18	
726	15	
727	26	
728	35	
729	35	
730	125	
731	90	
732	325	
733	245	
734	245	
735	425	
736		
737		
738	65	
739	65	
740	225	
741		
742		
743		
744	90	
745	370	
746	150	
747	20	
748	80	
749	20	
750		
751		
752		
753		
754		
755		
756		
757		
758		
759		
760		
761	370	
762		
763	45	
764		
765	125	
766		
767	35	
768		
769	55	
770		
771		
772		
773		
774		
775		
776		
777		
778		
779		
780		
781		
782		
783	19	
784	55	
785	300	
786	60	
787	55	
788	25	
789	25	
790	30	
791	45	
792	115	
793	330	
794	10	
795	10	
796	10	
797	10	
798	15	
799	15	
800	13	
801	13	
802	13	
803	420	
804	100	
805	45	
806	100	
807	65	
808	190	
809	45	
810		
811		
812		
813	95	
814		
815		
816		
817		
818		
819		
820		
821		
822		
823		
824		
825		
826		
827		
828		
829		
830	100	
837	10	
838	10	
839	55	
840	35	
841	40	
842	50	
843		
844	180	
845	140	
846	265	
847	620	
848	375	
849	35	
850	225	
851	16	
852		
853	25	
854		
855	45	
856	635	
857		
858		
859		
860	18	
861		
862		
863		
864		
865		
866	30	
867		
868		
869	10	
870	10	
871	10	
872		
873		
874		
875	75	
876	20	
877	150	
878	7	
879	10	
880	10	
881	55	
882	14	
883	95	
884		
885	25	
886	30	
887	130	
888		
889	100	
890	235	
891	230	
892	110	
893	300	
894	330	
895	150	
896	90	
897	160	
898		
899		
900	100	
901	215	
902		
903		
904		
905		
906		
907		
908		
909		
910		
911		
912		
913	60	
914		
915		
916		
917		
918		
919		
920		
921		
922		
923	190	
924		
925		
926		
927	40	
928	10	
929	10	
930	195	
931		
932		
933		
934		
935		
936		
937	330	
938	25	
939	25	
940	355	
941	485	
942		
943		
944		
945		
946		
947		
948	600	
949	16	
950	145	
951	175	
952		
953		
954		
955	50	
956	5	
957		
958		
959	55	
960		
961		
962	1	
963	2	
964		
965		
966		
967	10	
968	10	
969	10	
970	12	
971	13	
972	14	
973		
974	10	
975	10	
976	10	
977		
978		
979		
980		
981		
982		
983	13	
984	12	
985	12	
986	12	
987	12	
988	12	
989	12	
990	30	
991	120	
992	100	
993	10	
994		
995		
996		
997		
998		
999	10	
1000		
1001	30	
1002	160	
1003	430	
1004	175	
1005		
1006		
1007	5	
1008	10	
1009	10	
1010	270	
1011	135	
1012	210	
1013	10	
1014	10	
1015	10	
1016	95	
1017	12	
1018	60	
1019		
1020	20	
1021		
1022	1	
1023	105	
1024		
1025		
1026		
1027		
1028	75	
1029	75	
1030	140	
1031	95	
1032	225	
1033	75	
1034	14	
1035		
1036	400	
1037	110	
1038	500	
1039	500	
1040	15	
1041	9	
1042	10	
1043	10	
1044	10	
1045	15	
1046	10	
1047	10	
1048	13	
1049	15	
1050	35	
1051	20	
1052	55	
1053	10	
1054	265	
1055	265	
1056	8	
1057	10	
1058		
1059	60	
1060	60	
1061	255	
1062		
1063		
1064		
1065	10	
1066	10	
1067	10	
1068	10	
1069	55	
1070	90	
1071	70	
1072	55	
1073		
1074	60	
1075	200	
1076	95	
1077	15	
1078	30	
1079	30	
1080	55	
1081	80	
1082	14	
1083	70	
1084		
1085	25	
1086	150	
1087		
1088	545	
1089		
1090	13	
1091	120	
1092	300	
1093		
1094	13	
1095	155	
1096		
1097		
1098		
1099		
1100	10	
1101	8	
1102	10	
1103	11	
1104	14	
1105	15	
1106	10	
1107	40	
1108	55	
1109	190	
1110	145	
1111	270	
1112	190	
1113	65	
1114	90	
1115	295	
1116	5	
1117	15	
1118	5	
1119	25	
1120	5	
1121	7	
1122	7	
1123	8	
1124	8	
1125	8	
1126	11	
1127	60	
1128	50	
1129	20	
1130	16	
1131	16	
1132	16	
1133	16	
1134	24	
1135	105	
1136	160	
1139		
1140	40	
1141	50	
1142	23	
1143	225	
1144	450	
1145	80	
1146	60	
1147	75	
1148		
1149		
1150		
1151		
1152	10	
1153	10	
1154	12	
1155	12	
1156	14	
1157	28	
1158	105	
1159	150	
1160	140	
1161	390	
1162	10	
1163	12	
1164	14	
1165	13	
1166	23	
1167	25	
1168	20	
1169	90	
1170	30	
1171	25	
1172	35	
1173	130	
1174	185	
1175	240	
1176	45	
1177	185	
1178	525	
1179		
1180	65	
1181	205	
1182	40	
1183	12	
1184	10	
1185	45	
1186	260	
1187	35	
1188	45	
1189	90	
1190	315	
1191	175	
1192	175	
1193	190	
1194	425	
1195	20	
1196	35	
1197	5	
1198	15	
1199	5	
1200		
1201		
1202		
1203		
1204	480	
1205	190	
1206	90	
1207	140	
1208	30	
1209	35	
1210	20	
1211	8	
1212	8	
1213	8	
1214	11	
1215	70	
1216	10	
1217	14	
1218	75	
1219	11	
1220	15	
1221	80	
1222	22	
1223	125	
1224		
1225	65	
1226		
1227		
1228		
1229		
1230		
1231		
1232		
1233		
1234		
1235		
1236		
1237	190	
1238	8	
1239	11	
1240	10	
1241	10	
1242	10	
1243	12	
1244	14	
1245	15	
1246	35	
1247	19	
1248	19	
1249	55	
1250	80	
1251	120	
1252	10	
1253	175	
1254	135	
1255	230	
1256		
1257	80	
1258	100	
1259	200	
1260		
1261		
1262	55	
1263		
1264		
1265		
1266		
1267		
1268		
1269		
1270	10	
1271		
1272		
1273		
1274		
1275		
1276	70	
1277		
1278	10	
1279	14	
1280	23	
1281	65	
1282	140	
1283	65	
1284	65	
1285	15	
1286	555	
1287	15	
1288	105	
1289	20	
1290		
1291	11	
1292	11	
1293	55	
1294	55	
1295	20	
1296		
1297		
1298		
1299	180	
1300	150	
1301	105	
1302	20	
1303	30	
1304	30	
1305	30	
1306	35	
1307	40	
1308	50	
1309		
1310	70	
1311	9	
1312	9	
1313	60	
1314	175	
1315	160	
1316	145	
1317		
1318	20	
1319	35	
1320	25	
1321	25	
1322	45	
1323	25	
1324	25	
1325	55	
1326	27	
1327	35	
1328	30	
1329	35	
1330	35	
1331		
1332		
1333	16	
1334	105	
1335		
1336		
1337		
1338		
1339		
1340		
1341		
1342		
1343		
1344		
1345		
1346		
1347	200	
1348		
1349		
1350	19	
1351	16	
1352	16	
1353	10	
1354	10	
1355	10	
1356		
1357		
1358		
1359		
1360		
1361	175	
1362	10	
1363		
1364		
1365	40	
1366	185	
1367		
1368		
1369		
1370		
1371		
1372		
1373		
1374		
1375		
1376		
1377		
1378		
1379		
1380		
1381		
1382		
1383		
1384		
1385	150	
1386	150	
1387	145	
1388		
1389		
1390	8	
1391	8	
1392	9	
1393	7	
1394	7	
1395	7	
1396	25	
1397	25	
1398	115	
1399	25	
1400	16	
1401	150	
1402		
1403	40	
1404		
1405		
1406		
1407		
1408	30	
1409	40	
1410	35	
1411	45	
1412		
1413	60	
1414	60	
1415	135	
1416	10	
1417	255	
1418	90	
1419	14	
1420	655	
1421	190	
1422		
1423	23	
1424	285	
1425	80	
1426		
1427	545	
1428		
1429	190	
1430	20	
1431		
1432	25	
1433		
1434		
1435		
1436	150	
1437	26	
1438	415	
1439		
1440		
1441		
1442	140	
1443	260	
1444	200	
1445	95	
1446	150	
1447	10	
1448	35	
1449	20	
1450	75	
1451	225	
1452	6	
1453	9	
1454	50	
1455	50	
1456	45	
1457	520	
1458		
1459	545	
1460	260	
1461	90	
1462	12	
1463	50	
1464	9	
1465	9	
1466	30	
1467	520	
1468	520	
1469	40	
1470	175	
1471	65	
1472	9	
1473	115	
1474	300	
1475	65	
1476		
1477		
1478		
1479		
1480		
1481		
1482		
1483		
1484		
1485		
1486		
1487		
1488	40	
1489	9	
1490		
1491	9	
1492		
1493		
1494		
1495	40	
1496		
1497		
1498		
1499		
1500		
1501		
1502	255	
1503	55	
1504	50	
1505	220	
1506	410	
1507	310	
1508	25	
1509	25	
1510	30	
1511	35	
1512	55	
1513	40	
1514	60	
1515	9	
1516	10	
1517	9	
1518	245	
1519	10	
1520	300	
1521	535	
1522	50	
1523	110	
1524	9	
1525	10	
1526	9	
1527	65	
1528	15	
1529	80	
1530		
1531	70	
1532	13	
1533	50	
1534	95	
1535	455	
1536	630	
1537	110	
1538	190	
1539		
1540		
1541		
1542	75	
1543	70	
1544	35	
1545	9	
1546	9	
1547	9	
1548	18	
1549	150	
1550	20	
1551	13	
1552	105	
1553	40	
1554	150	
1555	80	
1556	18	
1557	320	
1558		
1559		
1560		
1561		
1562		
1563	45	
1564	2	
1565	5	
1566	1	
1567	1	
1568	1	
1569	1	
1570	1	
1571	1	
1572	1	
1573	1	
1574	1	
1575	2	
1576	1	
1577	45	
1578	10	
1579		
1580		
1581		
1582		
1583		
1584		
1585		
1586		
1587		
1588		
1589		
1590		
1591	80	
1592	10	
1593	10	
1594	10	
1595	10	
1596	70	
1597	70	
1598	70	
1599	10	
1600	10	
1601	10	
1602	55	
1603	10	
1604	10	
1605	10	
1606	175	
1607		
1608	115	
1609	75	
1610	10	
1611	10	
1612	70	
1613	15	
1614	70	
1615	25	
1616	25	
1617	10	
1618	595	
1619	9	
1620	12	
1621	10	
1622	15	
1623	150	
1624		
1625	10	
1626	10	
1627	13	
1628	16	
1629	16	
1630	23	
1631	35	
1632	95	
1633	150	
1634		
1635	10	
1636	9	
1637	10	
1638	50	
1639	2	
1640	2	
1641	45	
1642	12	
1643	85	
1644	110	
1645	80	
1646	205	
1647	100	
1648	26	
1649		
1650	560	
1651	95	
1652	145	
1653	150	
1654	26	
1655	125	
1656		
1657		
1658		
1659		
1660		
1661	20	
1662		
1663	160	
1664		
1665	135	
1666	200	
1667		
1668		
1669	12	
1670		
1671		
1672		
1673		
1674		
1675	10	
1676	10	
1677	10	
1678		
1679	8	
1680	35	
1681	10	
1682	10	
1683	20	
1684	25	
1685	30	
1686	10	
1687	10	
1688	20	
1689	25	
1690	35	
1691		
1692	300	
1693	135	
1694	65	
1695	475	
1696	65	
1697	65	
1698	245	
1699	365	
1700	70	
1701	110	
1702	625	
1703	25	
1704	35	
1705		
1706		
1707	8	
1708		
1709	310	
1710	310	
1711	310	
1712	310	
1713		
1714		
1715		
1716		
1717		
1718		
1719		
1720		
1721		
1722		
1723		
1724		
1725		
1726		
1727		
1728		
1729		
1730		
1731		
1732		
1733	110	
1734	210	
1735	240	
1736		
1737		
1738	550	
1739	430	
1740	50	
1741		
1742		
1743		
1744		
1745	35	
1746	35	
1747	55	
1748		
1749	10	
1750	60	
1751	25	
1752	225	
1753	40	
1754	530	
1755	35	
1756	13	
1757	13	
1758	11	
1759	375	
1760	160	
1761	105	
1762	16	
1763	50	
1764		
1765		
1766		
1767		
1768		
1769		
1770		
1771	40	
1772		
1773	615	
1774	285	
1775	200	
1776		
1777		
1778	25	
1779	7	
1780	10	
1781	10	
1782	10	
1783	55	
1784	45	
1785	12	
1786	15	
1787	15	
1788	70	
1789	35	
1790	35	
1791	245	
1792	370	
1793		
1794		
1795		
1796	15	
1797	20	
1798	20	
1799	30	
1800	80	
1801	75	
1802	675	
1803		
1804		
1805		
1806		
1807		
1808		
1809		
1810		
1811	35	
1812	13	
1813	13	
1814	11	
1815	60	
1816	60	
1817	55	
1818	180	
1819	285	
1820	10	
1821		
1822		
1823		
1824		
1825		
1826		
1827		
1828		
1829		
1830		
1831	200	
1832	280	
1833	280	
1834	280	
1835	280	
1836	12	
1837	12	
1840	35	
1841	35	
1842	35	
1843		
1844		
1845	15	
1846		
1847		
1848		
1849		
1850	210	
1851	300	
1852	300	
1853	300	
1854	300	
1859	35	
1860	35	
1861	35	
1862	8	
1863	8	
1864	10	
1865	14	
1866	18	
1867	15	
1868	20	
1869	95	
1870	110	
1871	150	
1872	110	
1873	125	
1874	190	
1875	155	
1876	55	
1877	210	
1878	210	
1879	105	
1880	70	
1881		
1882	12	
1883	12	
1884		
1885		
1886		
1887		
1888	100	
1889		
1890	90	
1891	120	
1892	310	
1893	90	
1894	90	
1895	65	
1896		
1897		
1898		
1899		
1900	14	
1901	10	
1902	12	
1903	12	
1904	10	
1905		
1906		
1907	335	
1908		
1909		
1910		
1911		
1912	20	
1913		
1914		
1915		
1916	190	
1917	135	
1918	40	
1919	315	
1920	100	
1921	10	
1922	30	
1923	40	
1924	35	
1925	15	
1926	11	
1927	10	
1928	10	
1929	8	
1930	8	
1931	8	
1932	155	
1933	145	
1934	140	
1935	175	
1936	215	
1937	360	
1938	215	
1939	190	
1940		
1941		
1942		
1943		
1944		
1945		
1946		
1947		
1948		
1949		
1950		
1951		
1952		
1953	10	
1954		
1955		
1956		
1957	35	
1958		
1959		
1960	100	
1961	245	
1962		
1963	30	
1964	110	
1965	130	
1966	270	
1967	290	
1968		
1969	300	
1970	405	
1971		
1972	30	
1973	145	
1974	65	
1975		
1976		
1977		
1978		
1979		
1980		
1981		
1982	250	
1983		
1984	65	
1985		
1986	185	
1987	540	
1988	180	
1989	15	
1990	15	
1991	12	
1992	13	
1993	10	
1994	10	
1995	35	
1996	11	
1997	60	
1998		
1999	25	
2000	70	
2001	280	
2002	115	
2003	7	
2004	7	
2005	20	
2006	40	
2007	40	
2008	50	
2009	140	
2010	45	
2011	445	
2012	270	
2013	240	
2014	170	
2015	25	
2016	90	
2017	100	
2018	18	
2019	23	
2020	125	
2021	25	
2022	25	
2023	115	
2024	55	
2025	130	
2026	130	
2027	425	
2028	525	
2029	120	
2030	100	
2031	675	
2032	635	
2033	350	
2034	21	
2035	55	
2036	35	
2037	40	
2038	175	
2039		
2040		
2041		
2042		
2043		
2044		
2045		
2046		
2047		
2048		
2049		
2050	20	
2051		
2052		
2053		
2054		
2055		
2056		
2057		
2058		
2059	25	
2060	215	
2061	40	
2062		
2063		
2064		
2065		
2066		
2067		
2068		
2069	90	
2070		
2071		
2072		
2073		
2074		
2075		
2076		
2077		
2078		
2079		
2080		
2081		
2082		
2083	260	
2084	135	
2085		
2086		
2087	35	
2088	160	
2089		
2090		
2091		
2092		
2093		
2094		
2095		
2096		
2097		
2098	100	
2099		
2100		
2101	10	
2102	70	
2103	45	
2104	400	
2105	145	
2106		
2107	110	
2108	10	
2109	8	
2110	10	
2111	10	
2112	10	
2113	20	
2114	19	
2115	20	
2116	55	
2117	40	
2118	60	
2119		
2120		
2121		
2122		
2123		
2124		
2125		
2126	5	
2127	12	
2128	200	
2129	30	
2130		
2131		
2132		
2133		
2134		
2135		
2136		
2137		
2138		
2139	180	
2140	65	
2141	10	
2142	60	
2143		
2144	10	
2145	10	
2146	10	
2147	10	
2148	10	
2149	65	
2150	75	
2151	90	
2152	20	
2153	7	
2154	60	
2155	8	
2156	25	
2157	30	
2158	170	
2159		
2160	20	
2161	40	
2162	16	
2163	16	
2164	16	
2165	16	
2166	60	
2167	385	
2168	16	
2169	70	
2170	85	
2171	170	
2172	16	
2173	35	
2174	16	
2175	19	
2176	29	
2177	60	
2178	20	
2179	140	
2180	275	
2181	425	
2182	105	
2183	26	
2184	11	
2185		
2186		
2187	260	
2188	40	
2189	40	
2190		
2191		
2192		
2193		
2194		
2195		
2196		
2197	85	
2198	135	
2199	285	
2200	160	
2201	180	
2202		
2203		
2204		
2205		
2206		
2207		
2208		
2209		
2210		
2211		
2212		
2213		
2214		
2215		
2216		
2217		
2218		
2219	60	
2220	60	
2221	60	
2222		
2223		
2224		
2225		
2226		
2227		
2228		
2229		
2230		
2231		
2232		
2233		
2234		
2235		
2236	30	
2237	55	
2238	200	
2239		
2240		
2241		
2242		
2243		
2244	65	
2245	35	
2246		
2247		
2248	80	
2249	90	
2250	105	
2251		
2252	35	
2253	140	
2254	7	
2255	10	
2256	10	
2257	10	
2258	12	
2259	14	
2260	30	
2261	80	
2262	35	
2263	110	
2264	290	
2265	200	
2266	580	
2267	195	
2268	220	
2269	385	
2270		
2271		
2272		
2273		
2274		
2275	80	
2276	45	
2277		
2278		
2279	35	
2286		
2287		
2288	35	
2289	55	
2290	105	
2291	115	
2292	230	
2293	305	
2294	15	
2295	270	
2296	490	
2297	450	
2298	7	
2299	10	
2300	10	
2301	12	
2302	12	
2303	10	
2304	13	
2305	14	
2306	20	
2307	80	
2308	25	
2309	40	
2310	105	
2311	170	
2312	170	
2313	70	
2314	175	
2315		
2316		
2317		
2318		
2319		
2320		
2321		
2322		
2323	40	
2324	45	
2325	40	
2326	60	
2327	140	
2328	70	
2329	70	
2330	145	
2331	45	
2332	20	
2333		
2334		
2335		
2336		
2337		
2338		
2339		
2340		
2341	190	
2342	520	
2343	10	
2344	10	
2345	10	
2346	12	
2347	12	
2348	12	
2349	35	
2350	35	
2351	55	
2352	40	
2353	35	
2354	55	
2355	125	
2356	65	
2357	170	
2358	60	
2359	105	
2360	10	
2361	35	
2362	60	
2363		
2364		
2365		
2366		
2367		
2368		
2369		
2370	30	
2371	15	
2372	60	
2373	60	
2374	125	
2375	40	
2376	9	
2377	9	
2378	10	
2379	10	
2380	40	
2381	55	
2382	10	
2383	10	
2384	8	
2385	10	
2386	13	
2387	20	
2388	10	
2389	10	
2390	95	
2391	50	
2392	190	
2393	70	
2394		
2395	115	
2396	275	
2397	695	
2398		
2399	205	
2400	80	
2401	55	
2402	80	
2403	140	
2404	9	
2405	15	
2406	9	
2407	9	
2408	10	
2409	10	
2410	125	
2411	40	
2412	40	
2413	55	
2414	50	
2415	55	
2416	13	
2417	15	
2418	15	
2419	10	
2420	10	
2421	110	
2422	115	
2423	245	
2424	110	
2425	105	
2426		
2427		
2428	90	
2429		
2430		
2431		
2432		
2433		
2434		
2435		
2436		
2437		
2438		
2439	125	
2440		
2441		
2442		
2443		
2444		
2445		
2446		
2447		
2448		
2449		
2450		
2451		
2452	10	
2453	10	
2454	10	
2455	12	
2456	185	
2457		
2458		
2459		
2460		
2461		
2462		
2463		
2464		
2465		
2466		
2467	60	
2468	245	
2469	95	
2470	70	
2471		
2472	20	
2473	35	
2474		
2475	30	
2476	80	
2477	150	
2478	12	
2479	125	
2480	370	
2481		
2482	50	
2483	60	
2484		
2485	60	
2486	55	
2487	425	
2488	75	
2489	50	
2490	35	
2491	95	
2492	50	
2493	245	
2494		
2495		
2496		
2497		
2498		
2499		
2500		
2501		
2502		
2503		
2504	15	
2505	45	
2506	175	
2507	13	
2508	45	
2509		
2510	40	
2511	70	
2512	20	
2513		
2514		
2520		
2521	190	
2522		
2523		
2524		
2525		
2526		
2527		
2528		
2529	80	
2530		
2531	10	
2532	10	
2533	15	
2534		
2535	2	
2536	25	
2537	-10	
2538	25	
2539	25	
2540	35	
2541	75	
2542	145	
2543	35	
2544	35	
2545	40	
2546	35	
2547	20	
2548	16	
2549		
2550		
2551		
2552		
2553		
2554		
2555		
2556		
2557	150	
2558	14	
2559	20	
2560	90	
2561	10	
2562		
2563		
2564	8	
2565	10	
2566	10	
2567	10	
2568	10	
2569	10	
2570	175	
2571	8	
2572	10	
2573	10	
2574	10	
2575	70	
2576	15	
2577		
2578		
2579	8	
2580	11	
2581	13	
2582	25	
2583	30	
2584	55	
2585	60	
2586	80	
2587	125	
2588	155	
2589	10	
2590	10	
2591	10	
2592	19	
2593	10	
2594	10	
2595	35	
2596	70	
2597	50	
2598	20	
2599	140	
2600	300	
2601	315	
2602	140	
2603	300	
2604	315	
2605	245	
2606	180	
2607	20	
2608		
2609		
2610		
2611		
2612		
2613		
2614		
2615		
2616		
2617		
2618	10	
2619	20	
2620		
2621		
2622		
2623		
2624		
2625		
2626		
2627		
2628	100	
2629	250	
2630		
2631		
2632		
2633		
2634		
2635		
2636		
2637		
2638		
2639		
2640		
2641		
2642		
2643	7	
2644	8	
2645	8	
2646	8	
2647	40	
2648	5	
2649	10	
2650	10	
2651	10	
2652	10	
2653	23	
2654	55	
2655	95	
2656	140	
2657	330	
2658	425	
2659	415	
2660	200	
2661	250	
2662	500	
2663	-15430	
2664	145	
2665	135	
2666	35	
2667	20	
2668	8	
2669	8	
2670	8	
2671	10	
2672	18	
2673	15	
2674	60	
2675	150	
2676	240	
2677	160	
2678	145	
2679	100	
2680	165	
2681	225	
2682	200	
2683		
2684	385	
2685		
2686		
2687	1	
2688	5	
2689	15	
2690		
2691	85	
2692		
2693		
2694		
2695		
2696		
2697		
2698		
2699		
2700		
2701		
2702		
2703		
2704		
2705		
2706		
2707		
2708		
2709		
2710		
2711		
2712		
2713	-14845	
2714	635	
2715	160	
2716	405	
2717	140	
2718	90	
2719	230	
2720	35	
2721	7	
2722	10	
2723	10	
2724	10	
2725	10	
2726	10	
2727	10	
2728	60	
2729	35	
2730	19	
2731	26	
2732	160	
2733	60	
2734	8	
2735	8	
2736	790	
2737		
2738	8	
2739	8	
2740	8	
2741	10	
2742	10	
2743	18	
2744	10	
2745	10	
2746	10	
2747	35	
2748	140	
2749	685	
2750	250	
2751	200	
2752		
2753	165	
2754	280	
2755		
2756		
2757		
2758		
2759		
2760		
2761		
2762		
2763		
2764		
2765		
2766		
2767		
2768		
2769		
2770		
2771		
2772		
2773		
2774		
2775		
2776		
2777		
2778		
2779		
2780		
2781		
2782	60	
2783		
2784		
2785		
2786		
2787		
2788		
2789		
2790		
2791		
2792		
2793		
2794		
2795		
2796		
2797		
2798		
2799		
2800		
2801		
2802		
2803		
2804	50	
2805	110	
2806		
2807	11	
2808	15	
2809	13	
2810	15	
2811	55	
2812	10	
2813	10	
2814	105	
2815	40	
2816	40	
2817	15	
2818	15	
2819	35	
2820	90	
2821	15	
2822	13	
2823	185	
2824	10	
2825	10	
2826	55	
2827	10	
2828	10	
2829	10	
2830	35	
2831	55	
2832	30	
2833	225	
2834	30	
2835	175	
2836	30	
2837	20	
2838	25	
2839	28	
2840		
2841		
2842		
2843		
2844		
2845		
2846		
2847		
2848		
2849		
2850		
2851		
2852		
2853		
2854		
2855		
2856		
2857		
2858		
2859	230	
2860	10	
2861	475	
2862	22	
2863	23	
2864	30	
2865	185	
2866	30	
2867	10	
2868	95	
2869	20	
2870	15	
2871		
2872		
2873		
2874		
2875		
2876		
2877		
2878		
2879		
2880		
2881		
2882		
2883	375	
2884	50	
2885	265	
2886	400	
2887	10	
2888	10	
2889	10	
2890	10	
2891	55	
2892	245	
2893	10	
2894	200	
2895	415	
2896	25	
2897	9	
2898	12	
2899	30	
2900	70	
2901	230	
2902	10	
2903	15	
2904	15	
2905	30	
2906	75	
2907	8	
2908	12	
2909	15	
2910	35	
2911	45	
2912	40	
2913	60	
2914	230	
2915	105	
2916	135	
2917	380	
2918	150	
2919	510	
2920	140	
2921	585	
2922		
2923	12	
2924	40	
2925	40	
2926	40	
2927	40	
2928	50	
2929		
2930		
2931	130	
2932	45	
2933	20	
2934	40	
2935	16	
2936	16	
2937	16	
2938	16	
2939	16	
2940	22	
2941	20	
2942	60	
2943	300	
2944	105	
2945	105	
2946	100	
2947	265	
2948	400	
2949	110	
2950	220	
2951	185	
2952	395	
2953	27	
2954	175	
2955		
2956	30	
2957	30	
2958		
2959		
2960		
2961		
2962	150	
2963	170	
2964	200	
2965		
2966		
2967		
2968		
2969		
2970		
2971		
2972		
2973		
2974		
2975		
2976		
2977		
2978		
2979		
2980		
2981		
2982		
2983		
2984	35	
2985	55	
2986	65	
2987	175	
2988	330	
2989	10	
2990	10	
2991	10	
2992	25	
2993	20	
2994	35	
2995	18	
2996	90	
2997	65	
2998	70	
2999	480	
3000	380	
3001	400	
3002	125	
3003		
3004	10	
3005		
3006	15	
3007		
3008	60	
3009		
3010	60	
3011	75	
3012		
3013	8	
3014	10	
3015	13	
3016	50	
3017	145	
3018	10	
3019	10	
3020	15	
3021	14	
3022	12	
3023	12	
3024	9	
3025	55	
3026	95	
3027	95	
3028	35	
3029	35	
3030	10	
3031	10	
3032	190	
3033	190	
3034	135	
3035	135	
3036	15	
3037	15	
3038	245	
3039	125	
3040	15	
3041	105	
3042	300	
3043	300	
3044	300	
3045	300	
3046	300	
3047	300	
3048	300	
3049	300	
3050	90	
3051	45	
3052	30	
3053		
3054		
3055		
3056		
3057		
3058		
3059		
3060		
3061		
3062		
3063		
3064		
3065		
3066		
3067		
3068		
3069	90	
3070	10	
3071	15	
3072		
3073		
3074		
3075		
3076		
3077		
3078		
3079		
3080		
3081		
3082		
3083		
3084		
3085		
3086		
3087		
3088		
3089	16	
3090	16	
3091	265	
3092	270	
3093	60	
3094	200	
3095		
3096	230	
3097	12	
3098		
3099	35	
3100	10	
3101	8	
3102	10	
3103	8	
3104	10	
3105	8	
3106	10	
3107	35	
3108	60	
3109	40	
3110	40	
3111	115	
3112	415	
3113	45	
3114	145	
3115	235	
3116	430	
3117	490	
3118	465	
3119		
3120	30	
3121		
3122		
3123		
3124		
3125		
3126		
3127		
3128	120	
3129	105	
3130	135	
3131	160	
3132	8	
3133	8	
3134	8	
3135	75	
3136	35	
3137	35	
3138	465	
3139	445	
3140	65	
3141	100	
3142		
3143	7	
3144	10	
3145	10	
3146	10	
3147	12	
3148	20	
3149	40	
3150	45	
3151	110	
3152	240	
3153	40	
3154	75	
3155	175	
3156	240	
3157	515	
3158	485	
3159	40	
3160		
3161	95	
3162	160	
3163		
3164		
3165	20	
3166	75	
3167		
3168		
3169		
3170		
3171		
3172	105	
3173		
3174		
3175		
3176		
3177		
3178		
3179		
3180		
3181		
3182	10	
3183	10	
3184	10	
3185	10	
3186	10	
3187	35	
3188	10	
3189		
3190		
3191		
3192		
3193		
3194		
3195		
3196		
3197	285	
3198	235	
3199	190	
3200	300	
3201	105	
3202	105	
3203		
3204		
3205		
3206		
3207		
3208		
3209		
3210		
3211	8	
3212	8	
3213	8	
3214	10	
3215	40	
3216	15	
3217	60	
3218	90	
3219	140	
3220	95	
3221	160	
3222	185	
3223	105	
3224	40	
3225	335	
3226	420	
3227	350	
3228	475	
3229	375	
3230	375	
3231		
3232		
3233		
3234		
3235		
3236		
3237		
3238		
3239		
3240		
3241		
3242		
3243	-30	
3244		
3245		
3246		
3247		
3248		
3249		
3250		
3251		
3252		
3253		
3254		
3255		
3256		
3257		
3258		
3259		
3260		
3261		
3262		
3263		
3264		
3265		
3266		
3267		
3268		
3269		
3270		
3271		
3272		
3273		
3274		
3275	13	
3276	30	
3277	35	
3278	35	
3279	135	
3280	19	
3281	19	
3282	15	
3283	13	
3284	150	
3285	335	
3286	475	
3287	160	
3288	235	
3289	300	
3290	160	
3291	255	
3292	10	
3293	10	
3294	15	
3295	15	
3296	25	
3297	125	
3298	24	
3299	28	
3300	70	
3301	105	
3302	6	
3303	6	
3304	7	
3305	8	
3306	65	
3307	7	
3308	30	
3309	40	
3310	12	
3311	45	
3312	180	
3313	40	
3314	205	
3315	35	
3316	30	
3317	175	
3318	325	
3319	20	
3320	50	
3321	275	
3322	110	
3323	10	
3324	10	
3325	50	
3326	150	
3327		
3328		
3329		
3330		
3331		
3332	8	
3333	20	
3334	90	
3335	30	
3336	25	
3337	115	
3338	10	
3339	175	
3340	475	
3341	675	
3342	40	
3343	420	
3344		
3345		
3346		
3347	30	
3348		
3349		
3350		
3351		
3352		
3353		
3354		
3355	25	
3356	10	
3357	170	
3358	110	
3359	10	
3360		
3361		
3362	5	
3363		
3364		
3365		
3366		
3367		
3368		
3369		
3370		
3371		
3372		
3373		
3374		
3375		
3376		
3377		
3378		
3379	65	
3380		
3381		
3382		
3383		
3384		
3385		
3386		
3387		
3388		
3389		
3390	5	
3391	15	
3392	15	
3393	10	
3394		
3395		
3396		
3397	230	
3398	500	
3399	340	
3400	100	
3401	6	
3402	7	
3403	7	
3404	12	
3405	10	
3406	24	
3407	60	
3408	270	
3409	405	
3410	70	
3411	150	
3412	7	
3413	20	
3414	140	
3415	25	
3416		
3417	7	
3418	15	
3419	105	
3420		
3421	30	
3422	30	
3423	6	
3424		
3425		
3426		
3427		
3428		
3429	360	
3430	110	
3431	115	
3432	310	
3433	110	
3434	115	
3435	65	
3436	10	
3437	10	
3438	13	
3439		
3440		
3441		
3442	95	
3443	125	
3444		
3445		
3446		
3447		
3448		
3449		
3450		
3451		
3452		
3453	8	
3454	25	
3455	10	
3456	14	
3457	30	
3458	40	
3459	75	
3460	100	
3461	270	
3462	160	
3463	50	
3464	130	
3465	925	
3466	195	
3467	75	
3468	390	
3469	370	
3470	10	
3471	105	
3472	500	
3473		
3474		
3475		
3476		
3477	20	
3478	35	
3479		
3480		
3481	35	
3482	35	
3483		
3484		
3485		
3486	20	
3487	15	
3488	15	
3489	85	
3490	85	
3491	85	
3492	10	
3493	10	
3494	10	
3495	10	
3496	10	
3497	10	
3498	10	
3499	10	
3500	40	
3501	10	
3502	10	
3503	10	
3504	10	
3505	10	
3506	10	
3507	10	
3508	10	
3509	10	
3510		
3511		
3512		
3513	20	
3514	25	
3515	25	
3516	30	
3517	40	
3518	45	
3519	45	
3520	75	
3521	50	
3522	50	
3523	70	
3524		
3525	75	
3526		
3527		
3528	55	
3529		
3530	35	
3531	35	
3532	15	
3533	35	
3534	35	
3535	50	
3536	40	
3537	50	
3538		
3539	25	
3540	95	
3541	95	
3542	125	
3543	100	
3544	100	
3545	100	
3546	100	
3547	40	
3548	40	
3549	50	
3550	50	
3551	35	
3552		
3553	60	
3554	15	
3555	70	
3556	60	
3557	60	
3558		
3559		
3560		
3561	20	
3562		
3563	25	
3564	25	
3565	30	
3566	35	
3567	25	
3568	25	
3569		
3570	40	
3571	150	
3572	50	
3573	10	
3574	20	
3575	20	
3576	25	
3577	10	
3578	20	
3579	25	
3580	35	
3581	35	
3582	60	
3583	70	
3584	70	
3585	2	
3586	2	
3587	12	
3588	12	
3589	35	
3590	35	
3591	12	
3592	12	
3593	20	
3594	55	
3595	140	
3596	185	
3597	35	
3598	35	
3599	110	
3600	320	
3601	355	
3602	500	
3603	430	
3604		
3605	70	
3606	55	
3607	12	
3608	12	
3609	12	
3610	17	
3611	16	
3612	50	
3613	65	
3614	70	
3615	145	
3616	200	
3617	105	
3618	90	
3619	230	
3620	260	
3621		
3622	450	
3623	50	
3624		
3625		
3626		
3627		
3628		
3629		
3630	19	
3631	14	
3632		
3633	12	
3634	35	
3635		
3636		
3637		
3638	40	
3639		
3640		
3641		
3642		
3643	10	
3644	45	
3645	60	
3646	25	
3647	25	
3648	70	
3649	70	
3650		
3651		
3652	285	
3653		
3654		
3655		
3656	35	
3657		
3658		
3659		
3660	35	
3661		
3662		
3663		
3664		
3665		
3666		
3667		
3668		
3669	15	
3670	95	
3671	60	
3672	35	
3673	10	
3674	11	
3675	9	
3676	12	
3677	45	
3678	14	
3679	245	
3680	245	
3681	490	
3682	35	
3683	40	
3684		
3685	170	
3686		
3687		
3688		
3689	10	
3690	45	
3691	190	
3692		
3693		
3694	20	
3695		
3696		
3697		
3698		
3699		
3700		
3701		
3702		
3703		
3704		
3705		
3706		
3707		
3708		
3709		
3710		
3711		
3712		
3713	12	
3714		
3715		
3716		
3717		
3718		
3719		
3720		
3721		
3722		
3723		
3724		
3725		
3726		
3727		
3728		
3729		
3730		
3731		
3732		
3733		
3734		
3735		
3736		
3737		
3738		
3739		
3740		
3741		
3742		
3743		
3744		
3745		
3746		
3747		
3748		
3749		
3750		
3751		
3752		
3753		
3754		
3755		
3756		
3757		
3758		
3759		
3760		
3761		
3762		
3763		
3764		
3765		
3766		
3767		
3768		
3769		
3770		
3771		
3772		
3773		
3774		
3775		
3776		
3777		
3778		
3779		
3780		
3781		
3782		
3783	6	
3784	6	
3785	7	
3786	7	
3787	8	
3788	9	
3789	11	
3790	10	
3791	13	
3792	25	
3793	15	
3794	140	
3795	400	
3796	115	
3797	100	
3798	260	
3799	85	
3800	155	
3801	245	
3802	50	
3803	7	
3804	10	
3805	10	
3806	10	
3807	12	
3808	15	
3809	55	
3810	35	
3811	60	
3812	150	
3813	120	
3814	315	
3815	270	
3816	545	
3817	65	
3818	115	
3819	22	
3820	140	
3821	5	
3822	5	
3823	5	
3824		
3825		
3826		
3827		
3828		
3829		
3830	75	
3831		
3832		
3833		
3834		
3835		
3836	15	
3837	15	
3838	15	
3839	15	
3840	20	
3841	25	
3842	25	
3843	25	
3844	25	
3845	25	
3846	30	
3847	35	
3848	55	
3849	115	
3850	24	
3851		
3852		
3853		
3854	13	
3855	14	
3856	10	
3857	410	
3858	430	
3859	90	
3860	175	
3861	225	
3862	55	
3863		
3864		
3865		
3866		
3867		
3868	18	
3869		
3870		
3871		
3872		
3873		
3874		
3875		
3876		
3877		
3878		
3879		
3880	40	
3881	445	
3882		
3883	540	
3884		
3885	650	
3886		
3887	160	
3888		
3889		
3890	25	
3891	50	
3892	50	
3893	35	
3894		
3895		
3896		
3897	40	
3898	70	
3899	100	
3900	100	
3901		
3902		
3903		
3904		
3905		
3906		
3907		
3908		
3909		
3910		
3911		
3912		
3913		
3914		
3915		
3916		
3917		
3918	10	
3919	90	
3920	110	
3921	275	
3922	100	
3923	145	
3924	370	
3925	465	
3926		
3927		
3928		
3929		
3930		
3931		
3932		
3933	40	
3934	5	
3935	265	
3936	120	
3937	85	
3938	25	
3939	95	
3940		
3941		
3942		
3943		
3944		
3945		
3946		
3947		
3948		
3949		
3950		
3951		
3952		
3953	60	
3954	105	
3955	180	
3956	150	
3957	285	
3958	180	
3959	260	
3960	355	
3961	695	
3962	20	
3963	30	
3964	30	
3965	30	
3966	35	
3967	40	
3968	50	
3969	40	
3970	50	
3971	140	
3972	230	
3973	175	
3974	35	
3975	260	
3976	95	
3977		
3978		
3979	115	
3980		
3981		
3982	40	
3983		
3984		
3985		
3986		
3987		
3988		
3989		
3990		
3991		
3992	45	
3993	60	
3994	25	
3995	25	
3996	15	
3997		
3998		
3999	35	
4000	20	
4001		
4002		
4003		
4004		
4005		
4006		
4007		
4008		
4009		
4010		
4011		
4012	15	
4013	10	
4014	10	
4015	10	
4016	10	
4017	15	
4018	10	
4019	10	
4020	100	
4021		
4022	70	
4023	170	
4024		
4025		
4026	70	
4027		
4028		
4029		
4030		
4031		
4032		
4033		
4034	40	
4035	10	
3197.01	285	
239.01	7	
227.01	9	
228.01	9	
234.01	40	
2156.01	25	
27.01	25	
430.01	35	
1534.01	95	
2158.01	170	
231.01	170	
1169.01	90	
1168.01	20	
1167.01	25	
1162.01	10	
1152.01	10	
1153.01	10	
1154.01	12	
2279.01	35	
1158.01	105	
1160.01	140	
1162.02	10	
1152.02	10	
1153.02	10	
1155.01	12	
2279.02	35	
1158.02	105	
1160.02	140	
3633.01	12	
3587.01	12	
3588.01	12	
3689.01	10	
3589.01	35	
3590.01	35	
3606.01	55	
3605.01	70	
1452.01	6	
1489.01	9	
1465.01	9	
1464.01	9	
1453.01	9	
1462.01	12	
1466.01	30	
1463.01	50	
2491.01	95	
3459.01	75	
3453.01	8	
3454.01	25	
3477.01	20	
2161.01	40	
1118.01	5	
1120.01	5	
1121.01	7	
1122.01	7	
1127.01	60	
1329.01	520	
1330.01	520	
1118.02	5	
1120.02	5	
1121.02	7	
1122.02	7	
1127.02	60	
3936.01	120	
4023.01	170	
1276.01	275	
1609.01	75	
1393.01	7	
1394.01	7	
1395.01	7	
2467.01	60	
3069.01	90	
1316.01	690	
2668.01	8	
2669.01	8	
2674.01	60	
2668.02	8	
2669.02	8	
2674.02	60	
2678.01	145	
2984.01	35	
3008.01	60	
2989.01	10	
2984.02	35	
2987.01	175	
2992.01	25	
844.01	720	
2833.01	225	
2833.02	225	
2834.01	530	
2836.01	335	
1682.01	10	
1694.01	65	
242.01	190	
3133.01	8	
239.02	7	
227.02	9	
228.02	9	
229.01	9	
234.02	40	
2156.02	25	
27.02	25	
430.02	35	
2118.01	60	
2158.02	170	
231.02	170	
239.03	7	
227.03	9	
228.03	9	
234.03	40	
2156.03	25	
27.03	25	
430.03	35	
1534.02	95	
2311.01	170	
2312.01	170	
60.01	40	
1.01	9	
53.01	12	
2129.01	30	
2127.01	12	
56.01	55	
2469.01	95	
1489.02	9	
1472.01	9	
1471.01	65	
148.01	60	
217.01	10	
3587.02	12	
3588.02	12	
3633.02	12	
3589.02	35	
3590.02	35	
3633.03	12	
3587.03	12	
3588.03	12	
3589.03	35	
3590.03	35	
3622.01	450	
3347.01	30	
3334.01	90	
3358.01	110	
3332.01	8	
3333.01	20	
3290.01	160	
3291.01	255	
1118.03	5	
1120.03	5	
1121.03	7	
1122.03	7	
1127.03	60	
808.01	190	
1393.02	7	
1394.02	7	
1395.02	7	
1963.01	30	
2467.02	60	
1608.01	115	
1550.01	20	
1531.01	70	
2643.01	7	
2644.01	8	
2645.01	8	
2646.01	8	
2647.01	40	
726.01	15	
727.01	26	
2734.01	8	
2735.01	8	
2733.01	60	
2682.01	200	
2715.01	160	
2717.01	140	
2716.01	405	
2719.01	230	
177.01	340	
892.01	110	
3097.01	12	
261.01	45	
541.01	7	
282.01	15	
1085.01	25	
3423.01	6	
283.01	65	
913.01	60	
3672.01	35	
3671.01	60	
3679.01	245	
3830.01	75	
3680.01	245	
3682.01	35	
3673.01	10	
3676.01	12	
3675.01	9	
3674.01	11	
107.01	10	
107.02	10	
207.01	70	
207.02	70	
443.01	115	
1869.01	95	
1862.01	8	
1863.01	8	
1864.01	10	
2152.01	20	
1023.01	105	
1012.01	210	
1033.01	75	
217.02	10	
1118.04	5	
1120.04	5	
1121.04	7	
1122.04	7	
1127.04	60	
1318.01	20	
1319.01	27	
1320.01	245	
1321.01	485	
1322.01	310	
930.01	195	
938.01	25	
939.01	25	
1254.01	135	
1255.01	230	
2738.01	8	
2739.01	8	
2782.01	60	
2751.01	200	
2738.02	8	
2739.02	8	
2782.02	60	
2750.01	250	
2748.01	140	
177.02	340	
263.01	230	
264.01	435	
3401.01	6	
3402.01	7	
3417.01	7	
3418.01	15	
3401.02	6	
3435.01	65	
3817.01	65	
3818.01	115	
3798.01	260	
111.01	10	
107.03	10	
1621.01	10	
207.03	70	
443.02	115	
